pred,true
63.90433467570399,51.0
58.2871567309371,38.0
53.84934532052108,32.0
24.116053125509247,11.0
66.91822203340791,49.0
40.907039487756855,32.0
101.88891662473164,91.0
37.70673153281854,17.0
19.888970928746637,12.0
17.780541583734966,7.0
40.70541175152047,34.0
56.889368200795836,50.0
104.56768612267075,87.0
96.96913501112978,94.0
32.023415155586505,4.0
67.94724271953787,42.0
52.06559199040504,26.0
25.550803029753936,8.0
34.67088755634754,10.0
21.11403718425963,18.0
70.42430187658664,42.0
23.169002469005743,15.0
56.49429044521343,55.0
62.44595809739447,35.0
87.21059293379449,77.0
44.35125038770897,16.0
133.77216097107055,107.0
83.92035772310362,58.0
63.28264127290601,39.0
72.69482435504351,55.0
46.02214017871987,42.0
48.72575747000138,28.0
38.482550050808975,29.0
56.83520978868951,28.0
52.64224093087286,41.0
29.375869546632288,24.0
40.29038484412982,16.0
30.35033839536746,20.0
34.67132542462784,30.0
39.96735400813121,19.0
40.816146517389015,29.0
16.19266015620284,6.0
38.83714936371006,27.0
72.67069621021207,60.0
53.30167397716369,25.0
28.442402872221518,26.0
53.20122847598692,26.0
98.90479024490247,70.0
56.10601257689174,40.0
53.10116576172057,24.0
40.70243217152522,14.0
19.064462799960417,15.0
52.17728804587281,31.0
22.315392319315812,17.0
92.16889267984931,76.0
107.91317893117011,92.0
13.714782416648072,8.0
67.93844462217888,54.0
68.63476664174745,53.0
58.58724083886055,49.0
23.26876357660992,22.0
44.73517296876466,15.0
44.64749099201495,33.0
63.27023832176032,34.0
10.0235919679806,6.0
39.46989115062754,23.0
70.98034898248723,42.0
48.17402911458774,31.0
22.99589737861546,11.0
28.495752335402955,26.0
18.87539269567657,5.0
66.02854091928867,65.0
71.3970773516712,42.0
82.88852971064186,76.0
60.18258718232222,48.0
69.1664386404726,56.0
9.376029549011925,6.0
67.73598736100692,39.0
40.63856635954929,18.0
68.03374726567993,44.0
32.54277173217761,6.0
64.0001232018759,54.0
77.2906437707925,60.0
69.51759712059848,40.0
21.312509502457534,5.0
26.666560755835583,10.0
21.049637573749234,8.0
31.47361889469963,8.0
40.90729437044933,36.0
16.681451699204565,5.0
35.52739263759374,25.0
25.482823829888154,20.0
60.90206532838465,44.0
40.384264750200536,35.0
101.528135911113,80.0
97.0096549319618,70.0
114.36590675732619,97.0
75.53325614302236,46.0
13.985507028890748,10.0
33.56016379683987,14.0
49.63309027585436,35.0
49.48530789422411,26.0
126.14701564974384,109.0
44.184812524936675,30.0
58.940884983823636,49.0
119.49404912139589,96.0
92.01420589110369,68.0
37.85688420276976,20.0
138.59538670476496,110.0
82.33471882939415,57.0
22.189662154821487,12.0
95.38081620753717,72.0
53.44952130454077,50.0
84.4075242378168,65.0
105.12607723320738,79.0
53.53560323275812,40.0
135.2367510150377,126.0
41.558871732378066,22.0
28.547028160467807,20.0
69.2627227042357,43.0
57.164262818465666,31.0
59.95737104694249,37.0
95.08546461566976,70.0
45.10390317288755,31.0
102.07634312391335,86.0
49.350859992162995,22.0
37.96058203655599,13.0
34.608637955333464,24.0
48.43070191958217,39.0
151.19581227288467,124.0
37.1568293325532,32.0
62.57928511189151,39.0
49.92268660474048,43.0
105.02986263943777,84.0
51.66994536682494,49.0
67.14834503156081,44.0
95.09174888968727,83.0
48.737476389705606,20.0
34.26526927681943,16.0
44.74925327928443,15.0
52.96336987554207,34.0
37.568267343793536,16.0
49.575906297697294,26.0
31.149966055829722,21.0
117.2610072061189,103.0
56.10487296237663,48.0
69.70131621316759,54.0
49.30475690572868,48.0
64.19220447908242,53.0
71.35563945235971,44.0
38.00330378092663,16.0
57.89775586431416,30.0
78.50270612253044,53.0
55.20181269931797,27.0
27.758260719100825,11.0
71.15968999565715,59.0
21.565568155135633,18.0
57.666399137767826,51.0
37.71168448233111,17.0
37.512685091030136,13.0
65.74101060990988,40.0
210.5163027454707,182.0
54.46689299707663,35.0
59.07859678536566,38.0
35.33331829926651,33.0
34.66762537457724,21.0
237.11761011047108,216.0
38.017015177217374,23.0
32.115651937381585,24.0
42.65321558710335,39.0
17.143372602200532,12.0
74.39856685158634,49.0
59.83483192757889,48.0
133.57869584419234,111.0
145.0317676609733,127.0
56.96580478166418,35.0
64.07209289952624,35.0
25.938826171900118,14.0
105.44635397265061,77.0
170.97922580758643,167.0
47.33701907854355,26.0
82.93454398777305,62.0
94.96002674670402,85.0
34.67937896465138,15.0
59.14254099161402,40.0
33.139158765028334,15.0
40.5798075020862,12.0
44.614913400676585,25.0
16.316578810301372,14.0
11.149377499323068,7.0
148.1699983154388,142.0
35.380532926738546,28.0
37.494290270470096,26.0
26.11311823110584,9.0
52.60411811536042,29.0
158.20375977735998,155.0
41.9010726882848,25.0
159.56779920823905,132.0
58.55229554805612,43.0
58.9648005974488,38.0
52.76990456824231,28.0
42.39561923176959,40.0
55.38548502588945,39.0
43.7626422668846,17.0
125.01583781340469,107.0
28.63714191912903,17.0
61.38626807887928,39.0
39.724021703767264,16.0
49.67422919564602,48.0
56.587128093890364,48.0
38.3679320949967,15.0
121.3129360297519,119.0
78.78629131975764,61.0
83.24032236430673,56.0
78.56250493055339,55.0
62.999239196591915,46.0
68.08734585682237,50.0
65.67758288186995,51.0
23.458922310414337,22.0
101.20428016010635,83.0
23.291525215075747,19.0
42.00249065678115,19.0
68.41902421166513,41.0
45.26937448290788,19.0
38.08565752984302,11.0
21.882779942796446,13.0
49.428434322307794,30.0
31.423258684060798,12.0
72.18844936104557,51.0
38.609539917080234,37.0
16.807579931559278,15.0
44.232017873772094,37.0
85.95761036254281,76.0
52.1088521920972,36.0
34.02377159372529,21.0
73.4483644013327,68.0
68.39663661792628,39.0
130.91225697912978,126.0
22.10910936966785,10.0
33.43898476964651,20.0
49.22930615264637,41.0
58.98571836282585,46.0
40.072798635658074,23.0
51.577075755849414,29.0
49.25213782019185,23.0
66.84023738815422,62.0
46.11021843682714,39.0
71.49770621477879,63.0
65.50725639422951,46.0
29.108156396839092,7.0
49.99872707734199,27.0
86.39833137474021,84.0
31.65039243661218,14.0
79.91326002355571,56.0
42.45982934065365,30.0
77.65352879111886,69.0
87.51253875238997,58.0
59.75964909560723,51.0
86.63439615912785,77.0
27.46063539424015,19.0
32.373722028715605,13.0
64.26872702129853,63.0
55.057997165347395,39.0
40.157411347295,15.0
38.33326277873904,35.0
55.3148405458533,35.0
46.934631065805036,33.0
59.31339948146177,31.0
57.544567657052895,34.0
51.24832585617287,25.0
33.332009677699155,5.0
55.22360784701847,37.0
40.84981280740749,35.0
131.60649949650337,121.0
37.42273864371886,25.0
87.51210700758455,69.0
150.7563428858085,144.0
43.6328373691329,16.0
78.35723483736771,52.0
73.93059063825477,47.0
53.85110655065864,35.0
39.67948767564238,13.0
60.11914292193484,40.0
178.80235490626404,166.0
36.7545574131606,30.0
58.035233310254156,32.0
13.165479647688974,11.0
33.62638029437424,6.0
42.16877758728525,18.0
74.19574776786169,56.0
99.34246015684344,84.0
38.58374131184619,18.0
50.96597754637215,39.0
38.009730977567614,30.0
58.71611230441636,47.0
68.40243172239329,60.0
96.85811270260642,83.0
61.41782684327862,40.0
23.599367424254403,20.0
49.429599866780336,36.0
40.354618395041825,27.0
162.8199043350423,153.0
53.25145849068912,36.0
96.76254171766229,82.0
43.720415394822126,21.0
38.19585859895943,10.0
82.25463015937041,55.0
88.82477961595978,76.0
55.4454725943405,44.0
65.9391664961586,50.0
39.83706180752879,27.0
35.433986671587505,23.0
92.27455589307559,83.0
87.69616130415247,68.0
18.830690607836924,13.0
39.789544941891506,23.0
257.58968447949496,234.0
105.75743294592256,97.0
30.47449264883129,23.0
49.052663025292276,46.0
35.74010919275303,32.0
73.88629288292665,47.0
65.6772475458301,45.0
73.05022432924764,71.0
101.90978310188252,73.0
100.73737766965738,87.0
28.381377294276355,27.0
51.36671730712054,26.0
27.38585699319348,25.0
38.876524755477384,13.0
32.24832560306132,18.0
38.40902065884015,11.0
41.248342409430016,17.0
32.717766580790425,15.0
247.52595657556492,218.0
75.92660491708719,49.0
59.71608373526664,42.0
42.37494843073026,40.0
143.4457967375636,123.0
57.417353065849895,52.0
71.91952555525721,68.0
15.717140824611867,6.0
36.5604909629251,13.0
88.05680003202559,63.0
52.94035791810557,41.0
35.589619561092846,13.0
49.56772667536933,22.0
152.91317649087696,132.0
37.12806779450587,8.0
18.012143245474636,9.0
96.4274369713524,74.0
65.84972482337281,52.0
45.88151509222182,34.0
56.67098136635741,43.0
54.7198110826426,41.0
26.21697253818817,25.0
142.2600526360366,118.0
63.58656070799151,49.0
11.964861871129969,10.0
40.49460703421616,35.0
59.94195790560447,36.0
32.90020514930032,27.0
50.36162534480846,26.0
49.860292915279636,23.0
53.146559560374,43.0
24.768776280874803,21.0
103.47227838729272,87.0
41.821873353173046,18.0
42.40843872955883,25.0
36.9957817972811,11.0
42.331009523708914,20.0
20.1062704951866,6.0
147.76964319470952,145.0
32.077244435848804,21.0
42.019039962704326,27.0
28.532241935849942,26.0
41.537391061873855,36.0
44.809939226218795,18.0
55.30464085685668,50.0
65.44101642861756,42.0
43.322701651233814,19.0
188.22703604331457,160.0
39.55200106119071,13.0
105.20723632311929,99.0
13.711858368271752,11.0
142.4055272534601,130.0
34.717930386820015,8.0
136.91167642332988,123.0
153.67191648969526,139.0
61.57476615318009,44.0
46.01117630523796,32.0
53.477024238520954,34.0
144.38790870046873,118.0
24.08893580989752,20.0
69.3065526042408,47.0
151.7673617059446,126.0
49.37749975974333,28.0
72.87386226926614,44.0
67.3560154158909,56.0
66.24625758110244,38.0
106.34446182739573,87.0
46.228482428303195,20.0
58.243563928620105,52.0
49.31757498161104,44.0
51.853630469812046,49.0
109.3402998938223,94.0
47.46422542538195,34.0
74.16610188790284,70.0
47.713222579974946,20.0
129.76374513604534,112.0
63.27750220127321,56.0
57.23693585378747,50.0
56.01428715266829,46.0
110.07489075879508,104.0
87.0531283945715,77.0
153.21700485913345,133.0
37.346144230275,35.0
42.43250704572605,34.0
20.14047064600506,13.0
36.11103787678204,8.0
89.03992899342992,66.0
336.09909211496284,307.0
100.694020100642,83.0
46.841709961771286,35.0
79.14169703896194,56.0
53.86071871840112,34.0
105.12233591703146,88.0
51.067401132267385,26.0
30.598445851847814,23.0
43.04340111568476,25.0
77.78225711322023,53.0
25.243798605906278,11.0
65.42798906810714,47.0
10.794531466801047,9.0
37.291515010935846,13.0
55.8791225306303,38.0
38.35154011019197,27.0
51.394194389237526,22.0
55.08247463063464,37.0
100.68271181782252,80.0
67.77533752394163,52.0
57.827416837670086,39.0
107.31343460428756,86.0
162.61600370394137,139.0
50.24055478807108,32.0
33.999000143547775,16.0
46.78344888216806,32.0
57.60369353300196,31.0
66.44314902389357,38.0
45.09338597816805,21.0
114.9930424277129,102.0
95.42171524905805,66.0
46.86790070954925,42.0
50.555509147017595,46.0
29.172994891091275,19.0
43.42162157039749,32.0
74.84682917053584,50.0
94.89779837097345,82.0
64.87070133020869,36.0
216.23172208110395,191.0
15.545751380421104,14.0
56.87848171918755,47.0
103.61283743500076,87.0
32.02349986110026,19.0
33.84966150651466,15.0
33.785765380893096,14.0
44.79977080930678,23.0
125.79717561888341,119.0
185.35192651062368,156.0
85.2051417180487,83.0
45.11884120120459,24.0
52.50577263760573,36.0
66.00310065433365,47.0
53.08299474563457,24.0
62.396829606220884,57.0
31.821571110265875,6.0
11.313839192726965,10.0
47.033466278153156,23.0
52.43354725491993,37.0
28.958941435253234,14.0
26.984250101910334,24.0
40.94243839710418,23.0
159.41895356440315,143.0
45.454481637174666,25.0
83.68439156103302,62.0
92.08784785668489,78.0
40.66381894961187,31.0
48.429545363269966,33.0
32.93735046826549,18.0
38.092256988332295,36.0
34.72206496505053,15.0
53.46406025648151,42.0
97.89674824199442,73.0
39.55584644751029,11.0
11.295154162565543,8.0
57.96421004420511,46.0
59.234655396026085,36.0
85.76486601226672,69.0
48.94045498710149,20.0
41.179825084510355,13.0
56.64114197033644,40.0
65.52248335334018,55.0
55.4184716017341,44.0
34.863675609555315,19.0
55.81067511644598,38.0
68.61213866832497,44.0
57.95932779150849,42.0
42.21054127707738,24.0
46.47369153390668,32.0
18.99793493492884,7.0
28.859257813211926,15.0
80.73019410489286,53.0
53.41733073071312,33.0
21.84681046312236,18.0
29.2041152020235,27.0
74.14667423307009,46.0
110.55762549984107,95.0
34.02921416471489,16.0
25.912814168116636,15.0
49.168456567336534,43.0
64.8559104385499,50.0
49.95605794436223,32.0
114.81961442748725,85.0
59.67909100516391,54.0
85.16766249120448,77.0
294.26327947233017,269.0
118.1924665293966,90.0
29.249150879287097,14.0
77.97538690593572,54.0
36.08513857925041,10.0
87.74965210647383,78.0
90.3044852366696,72.0
18.9813093700228,3.0
118.12102741093906,110.0
104.32479360377557,95.0
40.96944393360859,23.0
272.60190060903943,256.0
62.41566820444329,34.0
266.1644400573699,249.0
25.14501863209027,17.0
75.6520141238167,57.0
45.6756661981847,29.0
54.771289167451194,27.0
18.579322494545853,11.0
126.91138237157281,97.0
26.099860983746254,7.0
52.45382118075769,47.0
125.6218481010084,108.0
35.68922958807339,17.0
44.73055091802724,24.0
82.00048766005237,70.0
32.436216167510686,16.0
90.94572064732928,87.0
62.155860859740095,53.0
154.0088090410613,137.0
38.34171815300819,27.0
21.200567715399142,11.0
66.42680340842897,44.0
30.795276524170763,22.0
42.426289054754704,15.0
54.40709512258904,45.0
42.23759938998703,26.0
58.99040845674042,46.0
52.87649219310477,48.0
79.77505962104995,54.0
79.76595577746568,53.0
135.65155252606053,126.0
146.04768854874456,122.0
37.92764140514157,20.0
55.974280094110554,39.0
67.86858446002715,44.0
123.72652991973072,105.0
71.96800301232604,56.0
34.064600398505995,29.0
143.68244210182115,137.0
139.94690145130608,133.0
70.0857498888358,63.0
26.085493402574006,16.0
69.71447261057992,68.0
125.64570649496886,108.0
51.273566714793745,23.0
78.66075383473668,70.0
52.53986045583516,34.0
47.11324105554216,27.0
43.16737763695726,34.0
132.91351672644134,106.0
55.86251743523322,26.0
73.72266908981034,62.0
39.253562861208046,24.0
26.143485150440476,22.0
46.66235845852688,39.0
52.65799332920104,38.0
77.30433310722825,52.0
56.97580393679145,52.0
19.889974905195775,18.0
90.9557596646946,66.0
30.447761788881447,13.0
47.95027943198136,25.0
127.52360256029634,114.0
22.657424733913622,19.0
75.1216471611207,66.0
21.799885480530072,18.0
52.283529605019126,30.0
30.717380686094046,7.0
58.31621862669148,32.0
78.31785543642198,71.0
45.422895891457244,22.0
48.82088110050821,44.0
54.737206868993106,29.0
66.1966954228737,59.0
38.58583526453769,21.0
126.84786590655624,110.0
93.72081238697353,64.0
34.099929883016685,23.0
89.32731662883288,69.0
144.01554878707734,130.0
19.43115232777657,17.0
70.19056713822795,41.0
54.42995286769495,41.0
34.94777724264159,29.0
49.59139973687361,29.0
70.66720257793855,47.0
57.41152619347389,48.0
30.951153404202408,29.0
27.76408621993626,26.0
78.08011979464439,68.0
23.661966202992595,7.0
37.66774583983424,18.0
29.7980492266585,24.0
29.506501730503125,28.0
57.90248082654358,44.0
31.65113291853466,11.0
59.468032364823216,51.0
77.23158797563968,50.0
152.1626088575478,149.0
43.815554836676725,30.0
30.825709251652608,22.0
42.71569937859793,37.0
130.01867269121772,117.0
66.08493863463171,63.0
129.72719306948534,108.0
54.35710978904041,49.0
47.954552058950874,39.0
72.20678054082008,50.0
42.61609557569919,13.0
41.60063290680665,27.0
135.91633098381686,131.0
46.00218600391602,19.0
113.85654134347772,86.0
49.54331575373037,21.0
76.95992694159233,74.0
60.666077819009615,51.0
36.1732787827753,13.0
81.4218081576982,54.0
32.82854792360621,28.0
68.95309429811431,51.0
63.68663311633301,51.0
72.82487828959917,63.0
34.44859315370067,21.0
24.216994180980763,16.0
23.14362809968494,20.0
65.57998287711426,42.0
60.784780391632154,35.0
51.29786813723132,24.0
38.5569181431794,13.0
147.80446658850224,123.0
51.747855659866715,31.0
89.26226366058549,63.0
72.79980671982557,56.0
56.004910194648986,33.0
41.93961480832867,22.0
64.2816638480544,48.0
106.33402625245779,98.0
53.37653041516776,48.0
76.19863925966438,60.0
60.499055851934884,51.0
67.070746141451,49.0
19.78421038089907,4.0
58.3978675588061,31.0
60.774914020674515,58.0
70.67008708016789,42.0
33.56376305133459,15.0
34.076120600494065,22.0
32.4129717370015,15.0
60.07767882917115,42.0
14.126414719660332,9.0
45.95779245495439,26.0
49.94339385366291,31.0
31.89252300635332,29.0
132.758274425552,127.0
79.99369913892632,54.0
53.64599673817951,24.0
61.28036434135951,37.0
116.6319005013588,93.0
130.58641935383372,119.0
164.67455042861326,150.0
78.81891425255597,57.0
94.73071542639008,83.0
56.15021107629547,45.0
40.58104754993596,24.0
54.44976354984567,25.0
47.48500457891936,28.0
10.995509698401163,7.0
84.0408308649825,60.0
75.34520198806916,46.0
39.77470799308149,22.0
21.464146977044003,15.0
45.75644119650733,23.0
47.534862290007105,44.0
80.8932985122585,52.0
42.26531331686965,34.0
34.73040790481787,25.0
74.92459370107261,53.0
70.01889148628047,50.0
128.69102714959087,108.0
33.65815040283616,27.0
121.1608812140697,119.0
75.32282686458402,60.0
63.251513953237136,44.0
95.94873367588903,91.0
66.34591438960277,45.0
46.58696384225163,23.0
66.40162052038056,57.0
82.12140742186024,54.0
68.74743376198508,49.0
67.78804159112109,40.0
74.12508636692404,59.0
49.7354429039291,25.0
53.78399730958767,52.0
52.1352426942664,39.0
43.438017497867264,27.0
57.776791716165846,40.0
63.21216373566463,40.0
174.56706587582758,169.0
141.8002381859162,138.0
40.428919178537306,30.0
27.08418155179568,11.0
22.567225458990826,9.0
72.67984675117117,44.0
83.66867010572408,58.0
47.55253987515643,29.0
46.601692314851604,27.0
37.975966780808896,21.0
60.60676215386367,36.0
38.65440102613123,15.0
89.36977172456126,76.0
28.532352769553682,11.0
55.86737418383068,26.0
34.82843699206964,22.0
108.40375275255323,103.0
69.82639599496852,42.0
32.082887505132064,23.0
29.099843552656537,21.0
120.66491000052355,107.0
44.53893724640432,21.0
19.171813942480235,11.0
61.26428402670094,42.0
98.29898338878684,97.0
24.281575958815274,10.0
47.227628450925394,31.0
62.306571432416085,60.0
40.96837262336662,34.0
40.34636939553238,26.0
56.38486994868724,37.0
39.81748828489219,20.0
51.20762789994773,28.0
41.1513535937585,17.0
57.509698759401466,44.0
113.27689809654524,85.0
113.24888815280903,105.0
58.00476074176598,46.0
228.16159465654616,220.0
101.6699302910403,73.0
39.42121083206293,29.0
96.83643080671176,76.0
37.32797665211787,27.0
88.3356132694337,64.0
52.39447318188195,29.0
54.55312922465201,34.0
36.526209169447014,15.0
46.9503078198309,28.0
21.323265118091804,7.0
30.393348670482396,17.0
65.18811604766958,62.0
46.55111637845276,38.0
35.00228103174612,21.0
52.9088990529569,29.0
73.92112162393754,48.0
9.663066626187016,8.0
25.285194037473097,16.0
45.260050705306554,16.0
48.97352233378999,32.0
41.4634568174349,38.0
46.66605078467546,29.0
59.03592118327225,47.0
20.442061085289694,18.0
41.16548349481394,36.0
32.81232813146815,10.0
35.76346015499023,23.0
70.70966008842062,60.0
29.77156855170829,11.0
62.07948381073696,49.0
37.43165242362853,33.0
63.586125653479286,47.0
41.00204325458756,26.0
51.51755242475472,46.0
84.30210815771882,73.0
32.16609999544636,19.0
46.43505146221435,38.0
28.411055042286677,12.0
116.93103141093219,88.0
48.06575194929735,44.0
64.125096508591,45.0
72.45506893325634,47.0
31.58685158065385,20.0
156.8805065853681,145.0
65.82743291661468,37.0
81.07652417940318,58.0
79.91644518714223,70.0
46.02690264759771,31.0
102.99618587253144,97.0
59.157401552710205,52.0
27.660231598781735,18.0
60.11987851828977,33.0
38.63872477035597,21.0
71.62895224614357,49.0
24.367082299190102,17.0
57.356754115634686,53.0
28.30473243486451,21.0
42.62097511518418,16.0
55.90344573635866,38.0
47.32573107069277,28.0
66.01831315366313,52.0
61.7147641610991,43.0
55.36510769173286,40.0
50.494612597526285,28.0
48.706301564607834,39.0
73.93968551061035,55.0
47.79786854421019,23.0
56.61875063154611,32.0
47.09761281415683,43.0
82.06198182359196,56.0
48.99991605005726,44.0
63.171786235916315,39.0
65.67402806078381,44.0
142.57617645454837,126.0
46.31280832225764,22.0
68.61832927376372,39.0
47.38547016293705,40.0
48.81485818418423,20.0
76.11872861949794,50.0
40.55046669895719,18.0
99.61909611342573,89.0
33.57928844002787,18.0
75.05946739933135,56.0
23.672571679236736,19.0
139.4163524120297,119.0
34.50575773307036,17.0
186.71582010728443,165.0
104.87062092011328,80.0
46.201632080011045,30.0
103.15559072105911,87.0
90.2224386948597,89.0
72.36306657525503,51.0
80.58419050441202,63.0
62.48107841059042,60.0
42.1702942289338,34.0
31.009690632727136,21.0
31.5514372800281,17.0
40.405351066612575,29.0
64.48373575744006,50.0
60.837056568716065,58.0
97.69833169980454,68.0
97.78260989050435,77.0
67.16724061380242,47.0
54.28979934166024,28.0
138.18665618975476,126.0
28.510561011237318,12.0
36.23216634487887,31.0
36.40682643134525,13.0
76.00247664149082,49.0
206.38977512865597,177.0
51.67019441544013,39.0
116.45680347094395,105.0
66.3703466451307,43.0
44.45174814425736,15.0
35.84231180694872,21.0
143.45107029402823,128.0
223.98244588482663,194.0
74.96857676734453,45.0
105.6905660624991,83.0
44.52640045026648,35.0
69.57367131818737,41.0
23.93545510413746,14.0
38.17164304776816,20.0
46.57715772067477,39.0
35.79869885893385,30.0
83.3846324940469,54.0
27.154558181612835,6.0
43.81252594790101,15.0
82.2917557173148,63.0
25.780908327821606,7.0
67.6217311448446,42.0
26.354732665150074,20.0
41.50480887087539,22.0
108.90959507170493,103.0
37.52580570814448,18.0
82.26334067344675,56.0
45.637517124425685,29.0
156.8430352293809,127.0
161.5894829907562,158.0
64.13288418722418,35.0
72.88621072488276,62.0
52.367397488133975,43.0
117.97920333055623,112.0
53.15598245918283,50.0
44.70689594839574,21.0
109.84089445347274,85.0
54.110364500331706,53.0
52.20258404763945,45.0
52.76686698628167,36.0
46.59697984461078,28.0
58.02222725835423,42.0
44.61563191730312,38.0
48.62496748860688,45.0
29.89425697214149,12.0
52.96084329109837,27.0
55.516919825923466,39.0
43.42019795569741,23.0
27.335775821543564,24.0
50.65280663553658,26.0
38.86761966095054,17.0
62.81445895643077,39.0
151.2397368690309,148.0
136.90243280870948,120.0
29.061858830862977,27.0
38.97697456698219,26.0
47.61473816387611,25.0
29.727020730463437,6.0
61.818843964209805,49.0
58.660676529136715,46.0
30.379516560992176,18.0
61.83185259738165,44.0
20.713062218314995,8.0
63.718691348132964,41.0
13.132380106033095,12.0
78.29159555146386,70.0
55.07763516012388,49.0
93.86644773292811,84.0
125.81690812647363,107.0
79.26574093565975,61.0
82.54313915994288,56.0
31.65280470483339,11.0
39.128397827470515,31.0
26.47052506549904,18.0
82.2701040350319,66.0
54.793101497486575,48.0
21.92367747176175,16.0
24.340205035248783,20.0
178.6294145267847,154.0
65.83325421189512,58.0
58.438521047204986,35.0
38.37394882812619,10.0
72.94308141990173,44.0
109.5426980653435,81.0
53.9053997819727,49.0
140.97650032166487,126.0
88.1041109336936,78.0
40.06972199991199,37.0
70.10655182008854,52.0
54.84297480679835,32.0
94.09143759353113,83.0
29.94017057490164,11.0
42.341297901257064,16.0
133.18409922630792,123.0
185.6900547372481,157.0
108.07126188673422,91.0
41.19589773762014,24.0
55.08701349166937,32.0
58.25085666714728,44.0
37.72274315327147,17.0
35.81322822128109,15.0
89.26761158106731,69.0
84.53198370417121,71.0
52.813103397237185,44.0
62.61208317981924,34.0
57.276635654615184,43.0
33.50628270785663,16.0
71.74833071636895,48.0
89.88784694266465,69.0
38.51344135340763,21.0
106.41677946904264,91.0
14.615645018682427,13.0
41.63321662829726,29.0
32.58988517251204,21.0
69.38192268195844,65.0
39.291530268083214,28.0
89.65961625987859,81.0
65.0477126186698,55.0
27.233263501794887,12.0
78.07136773546871,55.0
59.882035818767825,32.0
42.300756219126825,35.0
43.49294249690048,17.0
51.19561780618957,29.0
29.776422404029347,18.0
21.41660520114609,11.0
23.01003769279946,17.0
49.08709847500962,46.0
27.81002344334755,25.0
60.312158516350465,42.0
36.05336389274895,12.0
52.18546184864764,39.0
41.89119436922723,14.0
50.9299117835924,32.0
76.84316050114968,47.0
63.46324229616488,44.0
31.01530550740849,23.0
23.98444899057614,18.0
81.28935308267498,55.0
101.3140483100877,84.0
48.42367556253308,40.0
60.559520044779234,52.0
50.09362619799374,49.0
54.475766736085276,33.0
54.00343387856559,28.0
95.67089448591967,94.0
57.01545314770777,36.0
78.84463823307783,63.0
125.50807293073103,106.0
88.1953754966455,67.0
73.3679090677433,44.0
254.39044498419435,243.0
97.61128090704166,74.0
29.874775820964505,15.0
71.63090475967925,49.0
35.40301186870332,34.0
33.08485571093267,23.0
51.58131559631626,23.0
40.69276889995433,16.0
41.36675417007104,37.0
21.991469436757875,17.0
101.29312108677905,86.0
45.72535221974411,28.0
22.850476405707816,13.0
149.29554419685957,134.0
57.289976284350175,31.0
137.54972135418555,133.0
112.67647459985591,91.0
49.76023957328685,28.0
26.114829958080538,9.0
54.41726137093178,46.0
58.24876213376757,43.0
16.00036744502721,6.0
45.34574000655696,18.0
42.879245904330794,41.0
35.03682047331064,10.0
26.549419253295817,13.0
25.551863717906883,7.0
23.480973559437185,4.0
60.539374542849046,54.0
39.136980911674904,26.0
23.801342584791545,17.0
21.93185067294298,12.0
41.6737845962405,37.0
58.68662893517287,44.0
39.192840112443854,20.0
38.9413640379144,11.0
98.08279245947978,77.0
53.79725416323063,26.0
130.39938481321934,101.0
57.063402859322494,36.0
68.4849073729601,42.0
46.22267924333697,26.0
94.1621501495095,69.0
31.516973651991506,29.0
29.638571563316916,23.0
51.67538599344486,26.0
93.92190476247914,70.0
56.228302758202005,27.0
65.75259111053347,61.0
74.64286517085498,51.0
45.519323849195914,17.0
65.97911442534732,49.0
51.68207197109707,40.0
229.65470249744016,203.0
68.52255474032616,43.0
37.824263684403554,9.0
99.17396164125644,81.0
129.57631660370544,114.0
80.82383333895257,71.0
65.7232064005776,62.0
13.634042253568463,10.0
122.94039202249013,105.0
69.13929280670573,68.0
30.073603885271087,29.0
53.44681795057277,32.0
75.94123567600626,56.0
53.380815419015434,25.0
78.31494163281222,75.0
117.83107182781035,93.0
110.06705034403575,83.0
34.430621856761185,31.0
39.02910704772141,26.0
59.13621480499273,31.0
53.83360255954527,42.0
41.551771254391966,36.0
102.25006721662503,101.0
57.122057531060356,53.0
104.20006962954031,85.0
25.349773924881287,21.0
39.33524165446806,17.0
63.33441939499821,46.0
40.441075932214886,35.0
49.481000661936086,44.0
28.907284925461028,22.0
69.41474268342097,61.0
12.398789490515838,11.0
55.56862196526288,37.0
30.951025455137657,13.0
87.17704474325329,71.0
28.119159722846696,16.0
53.45633224915413,28.0
58.06552698625124,50.0
66.99397275723572,56.0
28.08163296330193,23.0
68.74845142769638,43.0
71.7018149970374,46.0
37.58291513926578,32.0
15.625770838156463,10.0
38.55617392375579,34.0
41.36560011413536,25.0
86.01796709471185,80.0
44.94873448817195,27.0
46.91582814183617,45.0
60.40245135176074,54.0
41.974642793128005,34.0
218.1562678058811,194.0
50.56848365776895,40.0
149.54803055832141,123.0
39.41906714587289,17.0
170.98757447253146,144.0
42.453369790963116,32.0
50.837825854510776,22.0
64.48558401086319,54.0
99.94843170220838,90.0
40.287707011628726,13.0
20.06636542254785,15.0
67.05707359270565,41.0
186.43432978256183,159.0
104.62780010549213,86.0
59.45242904543345,33.0
48.84213627134086,21.0
29.567237740050366,11.0
119.71815095644243,108.0
78.39095579430304,59.0
106.91031044034204,90.0
33.36404439553407,27.0
67.29523506513732,45.0
102.6210730557885,89.0
42.554356524459116,38.0
90.8312222384865,72.0
65.51289038669238,38.0
45.980470416091094,34.0
67.66685511350289,51.0
24.497128808550517,15.0
50.09874400663535,28.0
50.822403156266546,36.0
78.02410593691253,52.0
89.93097522600328,77.0
35.26613927895835,27.0
50.55286768047897,36.0
22.662342500797298,15.0
111.84423511538226,84.0
66.70594145319467,43.0
30.022962309119958,27.0
26.707408246467693,25.0
41.004446819127196,37.0
52.45092202060835,24.0
47.39629397875304,42.0
59.30964527436332,55.0
35.441234410678,30.0
56.65941056265393,35.0
48.694520462713285,29.0
111.74796636854946,85.0
25.194976162078966,13.0
110.9961211550859,105.0
44.33121107267691,20.0
104.91068348499593,87.0
12.399793041756851,9.0
42.705574728855,34.0
50.11391650675441,22.0
20.428331029696082,11.0
38.44885212222991,18.0
77.56828335947023,49.0
97.12317339536214,86.0
87.93481479305589,71.0
49.59046260062733,27.0
114.699822220778,89.0
10.432857706875996,8.0
70.61604698457026,47.0
69.68093958698378,41.0
127.25365268257218,100.0
79.6780816074854,52.0
196.70937449695398,193.0
113.61015034515636,87.0
19.59243189894763,9.0
89.22491246197006,73.0
83.89374357229309,61.0
121.92184605926771,117.0
52.71944982508814,29.0
25.39381299579365,19.0
40.87893565214052,25.0
38.65702584817839,20.0
30.393724736610437,14.0
22.533290295101132,14.0
39.32972517668236,25.0
128.6017059547097,100.0
18.057571205097652,13.0
111.65269689779628,108.0
98.10621355118379,95.0
55.737921285672435,45.0
32.16529047836032,23.0
32.438166184000536,17.0
64.45925669717779,49.0
26.448865731535502,20.0
40.84387150493469,33.0
50.86349221659769,36.0
47.107240285560614,37.0
62.04079239273727,38.0
47.21170323334218,19.0
28.961301921180578,27.0
70.62804710553469,58.0
77.18855367722387,53.0
45.646805674661955,24.0
37.7035116227639,19.0
29.172475628561777,15.0
104.54253101726616,83.0
55.99213138230306,47.0
153.47221496206691,135.0
167.37994340357884,146.0
61.0135189573489,57.0
52.986522038950994,42.0
26.716313254006437,5.0
69.9673847300096,44.0
46.49345809292441,32.0
61.68059886108357,41.0
62.5725328871501,51.0
27.422131711552076,21.0
169.97907555709665,149.0
15.681606060761748,9.0
31.741928613989508,21.0
67.21601024177201,39.0
45.14611088252444,39.0
24.610322644080185,19.0
24.859098802187486,15.0
60.57893383884829,43.0
33.95640791026007,24.0
39.32292698692712,36.0
49.68872025621741,37.0
21.62297032819897,14.0
59.871215527434316,36.0
60.7949004880186,43.0
14.268366292917039,4.0
29.212748124610613,9.0
48.693543416695654,21.0
50.69650466228983,23.0
62.80825925291454,36.0
48.70709010907599,46.0
48.92889326906833,47.0
63.51454148495088,38.0
28.743641014326478,16.0
90.17790530622045,77.0
31.91637428384069,18.0
159.6342404150263,135.0
62.16279279219991,33.0
63.25142003247172,37.0
123.56884211555167,105.0
350.1597853747021,332.0
66.46053046908943,37.0
41.427064925314134,27.0
31.16748934128796,23.0
29.84416588511293,17.0
57.980319095905294,35.0
28.026454342858145,27.0
50.09262333966359,44.0
90.28348798644208,63.0
186.19000937627342,161.0
33.471283611268746,29.0
265.12638801173966,244.0
95.33532109887997,89.0
43.13873096880827,21.0
73.8920121702906,50.0
20.615520137409877,7.0
30.465084560829382,21.0
64.28440092591079,43.0
52.686615259076554,48.0
52.54460635082951,47.0
54.824463200047106,28.0
67.91884098926965,45.0
34.73170772224947,8.0
28.107711579767447,24.0
80.42305333161592,57.0
74.61016177679335,46.0
36.91642477225057,16.0
69.80985863439,41.0
37.78481810570774,9.0
51.86290905949594,27.0
37.3315115531707,22.0
60.193731509438095,47.0
20.96063932159244,15.0
73.84481647613201,67.0
228.10221162977533,200.0
47.2539153517655,30.0
145.53626170299933,138.0
81.85160780658049,66.0
34.22579860544503,20.0
39.246110320133276,35.0
89.22328990653855,83.0
31.50056660232406,28.0
41.149357296864395,36.0
47.03378668938117,42.0
49.83789540661623,27.0
192.3480841797734,163.0
59.74910618719754,35.0
44.606719925249784,38.0
44.675153806063065,29.0
13.292484022975689,4.0
51.345933746576165,30.0
52.00989496577217,32.0
43.09279061017989,33.0
59.232328432654356,54.0
42.27036808318093,16.0
106.88969086776235,103.0
59.08909771198985,40.0
39.1313546451623,32.0
75.05035250433944,55.0
39.09693057451473,25.0
26.65310418073433,14.0
17.077213421880224,12.0
43.33040108732892,26.0
40.811925655049734,28.0
52.65305705130254,38.0
48.486039763220745,47.0
43.10172957115059,14.0
49.90840575557481,45.0
36.714007286570904,15.0
18.934411288601083,6.0
74.93787309521178,46.0
41.773088290167884,24.0
70.5537772447427,67.0
52.57471497115503,42.0
38.80397819439937,35.0
12.030136454962722,11.0
56.88313993037862,44.0
73.56931083732992,72.0
130.2976660030142,101.0
30.419516891899548,23.0
116.72679900420128,114.0
74.74301435982252,53.0
128.63069644253466,100.0
47.76654714699417,20.0
43.13818919241746,32.0
23.27574630114184,17.0
79.17966042554261,58.0
38.4800853040225,22.0
60.64311688936877,33.0
54.37809768723988,28.0
56.56816605471519,45.0
70.43761202103946,52.0
45.72384688722437,37.0
55.39384833809861,51.0
55.05865588369801,37.0
25.26931165005675,22.0
51.630130017197104,40.0
19.201886194747566,15.0
43.0039045949233,26.0
112.68422847271097,97.0
36.999247234268,13.0
70.15918848519945,47.0
42.82401751753024,23.0
63.41320808528196,58.0
55.12801377046639,44.0
19.234080708597414,8.0
38.22990304254078,27.0
57.03789856245463,31.0
48.725331585815944,42.0
26.123436464644925,21.0
65.93358238243202,37.0
38.3178393067359,36.0
58.10616090275849,56.0
90.87579940661969,79.0
166.24812800790167,160.0
100.40314019369153,77.0
44.781381471026535,25.0
252.28487345925043,226.0
34.01558486543667,31.0
61.41117708032306,36.0
54.04336854653518,28.0
80.08362600406917,54.0
64.41058059972045,46.0
37.59040895728977,30.0
62.6813787044542,61.0
88.61939557122601,60.0
33.80927913158381,9.0
23.029759987627617,20.0
99.8034395909849,74.0
54.07901433709517,32.0
30.706813918003476,16.0
101.18115405252412,72.0
37.765830385018376,29.0
150.80319273207266,123.0
25.727944503910297,17.0
39.12600212299466,30.0
47.01631011062868,46.0
25.695531709104753,18.0
51.36054843610444,24.0
384.5783953450492,356.0
61.77037450959452,32.0
41.351549777373805,18.0
45.27758889301748,26.0
37.19936844069803,21.0
39.50658569477035,18.0
29.811760549328167,20.0
61.39771585079242,37.0
48.929776209589164,25.0
65.97116312131757,48.0
232.14236395138838,222.0
35.526986458501696,6.0
67.26941733775608,41.0
34.32630342358792,31.0
161.02348966288878,149.0
10.460232500151323,8.0
67.76950061949347,46.0
86.30007220704512,60.0
45.057117774749436,32.0
36.542620019996946,28.0
62.03517727071771,35.0
78.61693398741542,57.0
67.50007018858895,51.0
109.96281122396987,103.0
75.94205665205153,59.0
83.00255176991847,60.0
36.065632832574785,23.0
47.63879166980816,20.0
51.06852084184308,24.0
37.13429348362402,34.0
55.71464622698112,49.0
25.450160238289442,15.0
30.215167079547818,24.0
74.59713040521369,45.0
44.72823018440525,33.0
118.57688527614178,95.0
40.06453141165296,25.0
69.56146272079243,44.0
69.01603718308502,45.0
146.5237105577676,145.0
68.26859348082077,60.0
45.33793037923842,17.0
48.34814856877652,36.0
98.97063632454045,96.0
46.90916936252453,23.0
77.06852483596005,68.0
31.938163970500714,13.0
81.90530930182848,76.0
33.40147482063662,27.0
49.244251592623996,46.0
37.26148687532812,17.0
81.79513314273966,52.0
73.81019286445377,58.0
56.982006953810426,32.0
59.48655474931268,36.0
86.8060771597594,61.0
52.77655483839559,44.0
67.5204077654204,48.0
87.13999687271617,66.0
129.28035286246578,102.0
88.35844420235824,63.0
25.762067577734147,12.0
50.64935618438608,22.0
43.93013577038563,26.0
95.66411439335153,83.0
67.90898823766649,46.0
48.643334118550904,28.0
43.35648843728023,42.0
51.04626284982334,39.0
161.1082881706126,146.0
26.57835235770085,6.0
52.802153263984735,45.0
91.42775291052902,83.0
129.4684357365702,100.0
38.51921249382218,24.0
55.62756353172727,48.0
85.81499683429477,69.0
43.95998315145621,27.0
35.205840392297034,16.0
84.18044750139826,83.0
39.16791091489284,18.0
18.125658878958717,14.0
26.972903080004695,24.0
73.4777917606643,65.0
77.59591974216424,67.0
49.20610019497354,38.0
65.98207528213337,45.0
40.556116067118495,37.0
22.3926204829798,16.0
86.168936575548,68.0
93.33151892718985,87.0
59.087283217802025,51.0
69.09177387295897,43.0
38.665041155342294,27.0
24.99039585972161,15.0
31.962150816452983,17.0
29.551488257650085,21.0
21.80234826679082,11.0
102.91344193939867,97.0
78.69760808360815,60.0
92.24367870260305,84.0
41.22018187185127,25.0
55.57560379029492,48.0
75.96814541098477,68.0
29.292236206088017,16.0
31.903409050055636,30.0
94.76593679459863,73.0
45.94032574935132,23.0
97.02271377364545,82.0
42.68574210410788,38.0
33.133560439749495,17.0
75.34647920828061,51.0
64.59114174642804,53.0
66.35783732180174,56.0
141.1177767347167,117.0
39.59781204801505,21.0
211.9556405151619,208.0
32.376641314111225,13.0
180.99858061602495,167.0
